,res_weight,pka,pkb,pi
A,0.108616552,0.514851485,0.494444444,0.404255319
R,0.767515677,0.346534653,0.133333333,1
N,0.441743439,0.198019802,0,0.330413016
D,0.44933034,0.059405941,0.444444444,0
C,0.356894016,0.138613861,0.822222222,0.287859825
E,0.557946892,0.366336634,0.483333333,0.056320401
Q,0.550282573,0.346534653,0.183333333,0.360450563
G,0,0.514851485,0.444444444,0.400500626
H,0.620035612,0,0.205555556,0.603254068
I,0.43438879,0.534653465,0.444444444,0.406758448
L,0.43438879,0.534653465,0.444444444,0.40175219
K,0.55066966,0.356435644,0.083333333,0.872340426
M,0.574049702,0.455445545,0.227777778,0.371714643
F,0.697762638,0.00990099,0.183333333,0.339173967
P,0.310211349,0.168316832,1,0.441802253
S,0.232484323,0.386138614,0.194444444,0.364205257
T,0.341100875,0.267326733,0.166666667,0.354192741
W,1,1,0.327777778,0.39048811
Y,0.82163041,0.376237624,0.172222222,0.361702128
V,0.325772238,0.495049505,0.455555556,0.399249061